review_number,brand,variety,style,country,stars
3180,Yum Yum,Tem Tem Tom Yum Moo Deng,Cup,Thailand,3.75
3179,Nagatanien,tom Yum Kung Rice Vermicelli,Pack,Japan,2
3178,Acecook,Kelp Broth Shio Ramen,Cup,Japan,2.5
3177,Maison de Coree,Ramen Gout Coco Poulet,Cup,France,3.75
3176,Maruchan,Gotsumori Shio Yakisoba,Tray,Japan,5
3175,Myojo,Chukazanmai Tantanmen,Cup,Japan,3.5
3174,TIEasy,Sesame Sauce Handmade Noodle,Pack,Taiwan,3.75
3173,Sapporo Ichiban,Momosan Ramen Tonkotsu,Pack,United States,5
3172,Samlip,Hi-Myon Katsuo Udon,Pack,South Korea,3.5
3171,Doll,Bowl Noodle Satay & Beef Flavour,Bowl,Hong Kong,4.25
3170,Maison de Coree,Ramen Gout Carbonara,Cup,France,4
3169,Myojo,Mapo Men,Cup,Japan,3.5
3168,New Touch,Chashu Ramen,Bowl,Japan,2.75
3167,Vedan,Jhen Mian Tang Braised Beef Noodles With Ginger,Box,Taiwan,1.5
3166,Kinchan,Niku Udon With Wakame,Cup,Japan,3.75
3165,Mamee / Shinsegae,Daebak Spicy Kimchi,Pack,Malaysia,4.5
3164,Kenko Foods,Health Shio Ramen,Pack,Japan,3.5
3163,Mom's Dry Noodle,Spicy Hot Pot Noodle,Box,Taiwan,3
3162,Sapporo Ichiban,Mentaiko Tonkotsu Ramen,Bowl,Japan,3.75
3161,Sakurai Foods,Vegetarian Soymilk Spicy Ramen,Pack,Japan,5
3160,Mazendo,Noodles With Chili Mala Sauce,Pack,Taiwan,5
3159,Sichuan Baijia,Big Boss Hot & Sour Sweet Potato Vermicelli,Cup,China,1.5
3158,Simply Asia,Singapore Street Noodles Classic Curry,Box,United States,0
3157,TIEasy,Traditional Scallion Sliced Noodle,Pack,Taiwan,5
3156,Nongshim,Spicy Gamjatang,Pack,South Korea,5
3155,Jinmailang,Cup Noodles Slow Roast Beef Flavor,Cup,China,2.5
3154,Acecook,Super Cup Pork Kimchi Ramen,Bowl,Japan,3
3153,Maison de Coree,Ramen Gout BBQ Coree,Cup,France,5
3152,Maruchan,QTTA Curry Ramen,Cup,Japan,5
3151,Hakubaku,Shoyu Soy Sauce Flavor Ramen,Pack,United States,5
3150,Hakubaku,Baby Somen,Pack,Japan,NA
3149,Hakubaku,Baby Udon,Pack,Japan,NA
3148,Hakubaku,Tonkotsu Pork Flavor Ramen,Pack,United States,5
3147,Samyang Foods,Buldak Mini,Pack,South Korea,4
3146,Nissin,Yakisoba Instant Pancit Spicy Chicken Flavor,Cup,Philippines,4.25
3145,Maison de Coree,Ramen Gout Poulet Feu,Cup,France,4
3144,MAMA,Oriental Kitchen Stir Fried Salted Egg,Pack,Thailand,5
3143,Sau Tao,Tom Yum Kung Flavour Rice Vermicelli,Pack,Hong Kong,3.75
3142,Quero,Galinha Caipira Refogada,Pack,Brazil,3.75
3141,Maruchan,Thai Red Curry Udon,Bowl,Japan,5
3140,Samyang Foods,Buldak Ramen Topokki,Pack,South Korea,5
3139,A-Sha,Guanmiao Noodle Spicy Fennel,Pack,Taiwan,4
3138,Suimin,Origins Premium Noodle Bowl Thai Green Curry Flavour,Bowl,Australia,5
3137,Suimin,Origins Premium Noodle Bowl Beef Massaman Flavour,Bowl,Australia,5
3136,Suimin,Origins Premium Noodle Bowl Seafood Laksa Flavour,Bowl,Australia,5
3135,Nissin,Chikin Ramen Mini Donburi,Bowl,Japan,5
3134,Marutai,Kumamoto Tonkotsu Ramen,Pack,Japan,5
3133,Myojo,Mellow Miso Ramen,Cup,Japan,0.5
3132,Liangchengmei,Biang Biang Men,Box,China,5
3131,TTL,Spicy Pork With Rice Wine,Pack,Taiwan,5
3130,Master Kong,Golden Stock Shrimp Noodles,Bowl,China,5
3129,Acecook,Super Cup Pringles Sour Cream & Onion Yakisoba,Tray,Japan,0
3128,Kinchan,Kinchan Noodle,Cup,Japan,5
3127,Yamamoto,Tanukioyazi Spicy Tonoktsu Ramen,Bowl,Japan,3.75
3126,Fukumen,Noukou Asahikawa Shoyu,Pack,Japan,5
3125,Micoem,Cung Dinh Kool Mi Tron Trung Muoi (Salted Egg Flavor),Cup,Vietnam,3.5
3124,Maruchan,Kitsune Udon 40th Anniversary,Bowl,Japan,4.5
3123,Luosiking,Spicy River Snail & Pork,Tray,China,3.75
3122,Mamee Shinsegae,Daebak Ghost Pepper Spicy Chicken,Cup,Malaysia,3.75
3121,Luosiking,River Snail & Pork,Bowl,China,3.75
3120,Nissin,Cup Noodles Diablo,Cup,Mexico,4.25
3119,Daikoku,Tempura Soba,Bowl,Japan,4
3118,Nongshim,POP Pot Or Pan Chicken,Pack,United States,5
3117,A-Sha,Gourmet Sesame Paste Noodle,Pack,Taiwan,3.75
3116,Acecook,Miso Butter Ramen,Cup,Japan,3.5
3115,Suraj,Masala Noodles,Pack,Canada,2
3114,A-Sha,Gourmet Sichuan Peppercorn Flavor,Pack,Taiwan,5
3113,Itsuki,Ebi Tempura Udon,Bowl,Japan,3.5
3112,Canton,Instant Noodles Vegetable Flavour,Pack,Bangladesh,3.75
3111,Maruchan,Soy Milk Tan-Tan Wantanmen,Bowl,Japan,4
3110,Maruchan,QTTA Hamburger Ramen,Cup,Japan,4
3109,Wu Mu,Jing Xiang Ban Mian Ramen Soup - Chili Beef Flavor,Pack,Taiwan,5
3108,Culley's,World's Hottest Ramen Noodles,Box,New Zealand,3
3107,Samyang Foods,Bowl Noodle Soup Chicken Flavor,Bowl,South Korea,3.5
3106,Double Mountain,Xiamen Instant Noodles Satay Flavor,Pack,China,5
3105,Maggi,Pedas Giler Tom Yummz Mi Goreng,Pack,Malaysia,2.5
3104,Yi Lai Shuen,Handmade Noodles With Spicy Chili Sauce,Pack,Taiwan,5
3103,Neo~Essence,Top-Graded Spicy Sauce Ramen Noodles,Box,Taiwan,5
3102,Myojo,Spicy Barikata Tonkotsu Mazesoba,Bowl,Japan,4
3101,Samyang Foods,Sriracha Ramen Snack,Pack,South Korea,3.75
3100,A-Sha,Gourmet Braised Beef Noodle Soup,Box,Taiwan,5
3099,Nissin,Cup Noodles Alitas Hot,Cup,Mexico,5
3098,Lau Liu Tou,Hand Made Noodles Spicy Beef,Bowl,China,3.75
3097,Yum Yum,Tem Tem Squid With Lime,Cup,Thailand,4
3096,Prima Taste,Singapore Black Pepper Crab Flavoured La Mian,Pack,Singapore,5
3095,Daikoku,Tonkotsu Ramen,Pack,Japan,3.5
3094,Nongshim,Oolongmen Beef,Cup,United States,2
3093,Sichuan Baijia,Green Curry Shrimp Flavor Instant Vermicelli,Pack,China,1
3092,Way Premium Foods,Authentic Penang Asam Laksa,Box,Malaysia,5
3091,Way Premium Foods,Authentic Chili Crab Noodles,Box,Malaysia,4
3090,Way Premium Foods,Authentic Singapore Laksa,Box,Malaysia,5
3089,Way Premium Foods,Authentic Penang Prawn Mee,Box,Malaysia,5
3088,Way Premium Foods,Authentic Thai Laksa,Box,Malaysia,5
3087,Way Premium Foods,Premium Scallop Noodles,Box,Malaysia,5
3086,Nissin,Raoh Kogashi Shoyu,Bowl,Japan,5
3085,Sapporo Ichiban,Oil Soba Shrimp,Bowl,Japan,4.25
3084,Itomen,Yamaimo Soba,Pack,Japan,3.5
3083,Burung Layang Terbang,Kweitiau Kuah Rasa Ayam,Pack,Indonesia,3.5
3082,Mivina,Banana Flavor Instant Noodles,Pack,Ukraine,3.5
3081,Fu Chung,Village Dry Noodles With Sauce - Garlic & Sesame,Pack,Taiwan,1.25
3080,Fu Chung,Village Dry Noodles With Sauce - Basil & Clam Flavor,Pack,Taiwan,1
3079,Fu Chung,Village Dry Noodles With Sauce - Spicy Sichuan Pepper With Vinegar,Pack,Taiwan,5
3078,Itsuki,Kurume Ramen,Pack,Japan,5
3077,Acecook,Yuzu Somen,Cup,Japan,2.75
3076,Rooster,Chili Chicken Flavour Noodle Soup,Bowl,Canada,3.75
3075,Sapporo Ichiban,Spicy Otafuku Okonomiyaki Sauce Yakisoba,Tray,Japan,2
3074,Maggi,Pedas Giler Ayam Bakar Mi Goreng,Pack,Malaysia,4.25
3073,Trader Joe's,Miso Ramen Soup,Cup,United States,3.5
3072,Canton,Instant Noodles Beef Flavour,Pack,Bangladesh,3
3071,Uncle Sun,Dry Chili Crab Noodle,Pack,Malaysia,3.75
3070,A-Sha,Gourmet Traditional Taiwanese Soybean Paste Noodle,Pack,Taiwan,5
3069,Vedan,Wei Wei Premium Noodle With Spicy Beef,Bowl,Taiwan,4.5
3068,Sapporo Ichiban,Japanese Style Noodles soy Sauce Flavor,Bowl,United States,3.25
3067,Samyang Foods,Bowl Noodle Soup Hot & Spicy Flavor,Bowl,South Korea,5
3066,Nissin,Cup Noodles Camaron Fuego,Cup,Mexico,4
3065,Kinchan,Bukkake Udon,Bowl,Japan,3.75
3064,Lee Fah Mee,Instant Noodle With Abalone & Chicken Flavour,Pack,Sarawak,3.25
3063,Maruchan,Dining Tantanmen,Bowl,Japan,3.75
3062,Nissin,Cup Noodle Nice Kimchi Tonkotsu,Cup,Japan,4.75
3061,COCO 2.0,Budae Jjigae,Bowl,United States,3.75
3060,Jinya Ramen Bar,Chicken Wonton Ramen,Bowl,United States,5
3059,Maruchan,Nanban Curry Soba,Bowl,Japan,2
3058,Big Bon,Beef Flavor,Pack,Russia,3.25
3057,Daikoku,Gumma-chan Udon,Cup,Japan,3.5
3056,Nissin,Cup Noodles Soup'D Up Savory Shrimp,Cup,United States,4
3055,Mamee-Shinsegae,Daebak Spicy Fried Chicken Dry Noodle,Pack,Malaysia,4.25
3054,Xiao Ban Mian,Spicy Meat Paste Flavor Noodle,Pack,Taiwan,5
3053,Conimex,Oriental Noodles Thom Khakai,Cup,Netherlands,3
3052,Vedan,Jhen Mian Tang Stewed Pork Noodles With Mushroom,Box,Taiwan,5
3051,Best Wok,Mi Goreng Sambal Seafood,Pack,Indonesia,5
3050,Chitato,Indomie Mi Goreng Potato Chips,Pack,Indonesia,5
3049,New Touch,Kimchi Ramen,Bowl,China,4
3048,Uni-President,Braised Beef Stir Noodle Bowl,Bowl,China,3.5
3047,Samyang Foods,"10,000 SHU Hek Buldak Bokkeummyun (Nuclear Fire Noodle/2x)",Pack,South Korea,3.5
3046,Buitoni,Yakisoba Noodles Gusto Chili,Pack,Italy,2.5
3045,Samyang Foods,Buldak Bokkeummyun Hot Chicken Flavor Gyoza Dumpling,Pack,South Korea,4
3044,Sau Tao,Laksa Flavour Ramen,Pack,Hong Kong,4.5
3043,San-Iku,Shoyu Ramen,Pack,Japan,4
3042,Canton,Curry Flavour,Pack,Bangladesh,3
3041,Maruchan,QTTA Mexican Tacos Ramen,Cup,Japan,2.5
3040,Fantastic Noodles,Scallion Sauce,Pack,Taiwan,4
3039,Fantastic Noodles,Spicy Dolar,Pack,Taiwan,4
3038,Wu-Mu,Jing Xiang Ban Mian Ramen with Fried Green Onio,Pack,Taiwan,4
3037,Yum Yum,Spicy Thai Seafood Flavor,Pack,Thailand,3.5
3036,TTL,Pickled Vegetable Beef With Hua Diao Liquor,Pack,Taiwan,5
3035,TTL,Spring Chicken With Hua Diao Liquor,Bowl,Taiwan,5
3034,TTL,Pickled Vegetable Beef With Hua Diao Liquor,Bowl,Taiwan,5
3033,TTL,Bolognese Red Wine Sauce,Pack,Taiwan,4
3032,TTL,Dongpo Braised Pork With Hua Diao Liquor,Pack,Taiwan,4.75
3031,Kinchan,Tokufun Shukodo Miso-Aji,Cup,Japan,3.5
3030,Nongshim,Shin Black Bowl,Bowl,China,5
3029,Maruchan,Yakisoba Meijin Shio,Tray,Japan,2.5
3028,Maruchan,Yakisoba Korean BBQ Flavor,Tray,United States,4.5
3027,Sapporo Ichiban,Shio Donburi,Bowl,Japan,4
3026,Mom's Dry Noodle,Shiitake Zhajiang,Pack,Taiwan,5
3025,Uncle Sun,Dry Black Pepper Crab Noodle,Pack,Malaysia,3.75
3024,Nissin,Cup Nooldes Nice Pork Shoyu (New Version),Cup,Japan,5
3023,Trader Joe's,Chicken Ramen Soup,Cup,United States,3.75
3022,Myojo,Yakisoba Curry Flavor,Pack,United States,5
3021,Itsuki,Sapporo 'Miso' Ramen,Pack,Japan,3.75
3020,Panco,Lamen HOT Sabor Galinha A Moda Baiana,Pack,Brazil,3.5
3019,Sau Tao,Tom Yum Kung Flavour Ramen,Pack,Hong Kong,5
3018,Sapporo Ichiban,Spicy Champon,Bowl,Japan,4.5
3017,Vite Ramen,Soy Sauce Chicken,Pack,United States,2
3016,Vite Ramen,Garlic Pork,Pack,United States,4.5
3015,Vite Ramen,Vegan Mushroom Shio,Pack,United States,5
3014,Sunaoshi,Sapporo Sauce Yakisoba,Pack,Japan,4.75
3013,Kinchan,Shoyu Tonkotsu,Cup,Japan,3.75
3012,Samyang Foods,Sriracha Ramen Snack,Pack,South Korea,4
3011,San-Iku,Shio Ramen,Pack,Japan,4.5
3010,Vedan,Wei Wei Premium Noodle With Braised Beef,Bowl,Taiwan,3.5
3009,Acecook,Yokosuka Navy Curry Udon,Cup,Japan,4.75
3008,Indomie,Real Meat Mi Instan Goreng Rendang,Box,Indonesia,5
3007,Myojo,Char Mee 100,Pack,Singapore,4.25
3006,Uni-President,Guizhou Spicy Soybean Paste Flavor Stir Noodle Bowl,Bowl,China,3.75
3005,Samyang Foods,Chinese Style Bibimmyun,Pack,South Korea,3.75
3004,Wei Lih,Hell Spicy Dry Noodle With Soup,Bowl,Taiwan,4
3003,Chencun,The Flavours Of Yunnan China Acid & Peppery Beef,Bowl,China,2.75
3002,New Touch,Machi Ichiban Shio Ramen,Pack,Japan,4.5
3001,Itsuki,Kumamoto Mokkosu Ramen,Pack,Japan,5
3000,Peyoung,Gigamax Yakisoba,Tray,Japan,3.75
2999,Uni-President,Pickled Cabbage Beef Stir Noodle Bowl,Bowl,China,4.25
2998,Acecook,Goma Negi Tonkotsu,Cup,Japan,3.5
2997,Rooster,Chili Seafood Flavour,Pack,Canada,4.25
2996,Nissin,Cup Noodles Soup'D Up Roasted Chicken,Cup,United States,4
2995,Uni-President,XO Sauce Stir Noodle Bowl,Bowl,China,4
2994,Sapporo Ichiban,Ise Ebi Soup Noodles,Cup,Japan,2.5
2993,Wugudaochang,Tomato Sirloin Instant Broad Noodles,Bowl,China,5
2992,Nissin Miojo,Cremosa Sabor Pizza,Pack,Brazil,3.5
NA,Big Bon,Chicken & Salsaa Sauce,Pack,Russia,3.25
2990,Nissin Miojo,Turma Da Monica Sabor Tomate Suave,Pack,Brazil,4.25
2989,Mibena,Spicy Chicken,Pack,Ukraine,3.5
2988,Yamamoto,Nippon No Curry Udon,Pack,Japan,5
2987,Tapatio,Ramen Noodle Soup Beef Flavor,Bowl,United States,4.25
2986,Yum Yum,Pad Kee Mao,Pack,Thailand,3.75
2985,Myojo,Charumera Shio Ramen,Cup,Japan,5
2984,Itomen,Premium Yakisoba,Pack,Japan,3.75
2983,Nongshim,Spicy Zha Wang Noodle,Pack,United States,2
2982,Samyang Foods,Big Bowl Chicken,Bowl,South Korea,4
2981,Picnic,Hot & Rich Curry Flavoured Noodles,Bowl,Thailand,3.5
2980,Sapporo Ichiban,Pokemon Seafood Noodles,Cup,Japan,3.5
2979,Maruchan,Curry Nama Yakisoba,Pack,Japan,5
2978,Vedan,Wei Wei Premium Braised Beef Noodle,Pack,Taiwan,5
2977,Vedan,Wei Wei Premium Braised Pork Noodle,Bowl,Taiwan,5
2976,Sichuan Baijia,Sichuan Hot & Sour Vermicelli,Bowl,China,3.75
2975,San-Iku,Miso Ramen,Pack,Japan,3.5
2974,Itomen,Bansyu Ramen,Pack,Japan,5
2973,MAMA,Oriental Kitchen Shrimp Stir Fried Tomyum Sauce Noodle,Pack,Thailand,5
2972,Bowlfull,Vegetable Flavour Instant Noodle Soup,Pack,Canada,0
2971,Best Wok,Mi Goreng Hot & Spicy Instant Noodles,Pack,Indonesia,5
2970,Samyang Foods,Big Bowl Lobster,Bowl,South Korea,3.75
2969,Kiki,Mapo Tofu Noodle,Box,Taiwan,2.5
2968,Acecook,Sendai Spicy Miso Ramen,Cup,Japan,4
2967,Kenko Foods,Hot Dry Noodles,Pack,Japan,3.5
2966,Nissin-Miojo,Turma Da Monica Sabor Caldinho De Feijao Suave,Pack,Brazil,3.75
2965,Ajinomoto,Oyakata Soy Sauce Ramen Soup,Cup,Poland,2
2964,Blount,Beef Pho Vietnamese Style Beef & Noodle Bowl,Bowl,United States,4.75
2963,Kiki,Noodles Mixed With Young Vinegar,Pack,Taiwan,5
2962,Canton,Instant Noodles Chicken Curry Flavour,Pack,Bangladesh,3.75
2961,Nissin,Cup Noodles Seafood Flavor,Cup,Philippines,3.75
2960,Soup Daren,Spicy Pork Bone Noodle,Bowl,China,5
2959,Nongshim,Shin Ramyun (Japan version),Cup,Japan,3.5
2958,Rooster,Kimchee Flavour Noodle Soup,Bowl,Canada,3.75
2957,No Name,Chicken Vegetable,Pack,Canada,3.25
2956,Paldo,Curry Volcano Chicken Noodle,Cup,South Korea,3.75
2955,Rollton,Spicy Chicken,Pack,Ukraine,3.75
2954,Nagatanien,Green Curry Rice Vermicelli,Pack,Japan,4.5
2953,Daikoku,Hiyashi Tanuki Udon,Tray,Japan,3.5
2952,Sunaoshi,Udon Dappe,Bowl,Japan,3.75
2951,Myojo,Ginza Delhi Spicy Masala Curry Yakisoba,Tray,Japan,5
2950,Nissin,Top Ramen Chili Flavor Ramen Noodle Soup (New Recipe),Pack,United States,3.5
2949,Lien Ying,Asian Spirit Asia Noodles Vegetable Flavor,Cup,Germany,2
2948,Itomen,Kaisen Tonkotsu Ramen,Pack,Japan,3.5
2947,Kiki,Sichuan Beef Noodle Soup,Box,Taiwan,5
2946,Vedan,449 Instant Noodle Sichuan Hot Flavor,Pack,Taiwan,3.5
2945,Vedan,449 Instant Noodle Three Cup Chicken Flavor,Pack,Taiwan,1.75
2944,Myojo,Japanese Style Noodles Pork Flavor (Gyokai Tonkotsu),Pack,Japan,5
2943,San-Iku,Gomaaji Ramen,Pack,Japan,2.75
2942,Paldo,Teumsae Cheddar Cheese Ramyun,Pack,South Korea,3.5
2941,A-Sha,Guanmiao Noodle Hakka Sesame Oil Scallion,Pack,Taiwan,2.5
2940,Sapporo Ichiban,Miso Ramen,Bowl,Japan,3.75
2939,Tapatio,Ramen Noodle Soup Original Flavor,Bowl,United States,4.5
2938,Buitoni,Noodles Gusto Curry,Pack,Italy,3.75
2937,Vedan,Wei Wei 'A' Series Instant Noodle Chicken Flavor XL,Pack,Taiwan,5
2936,Myojo,Chicken Nanban Soba,Bowl,Japan,1.5
2935,Wei Lih,Handmade Noodle Chicken Flavor,Pack,Taiwan,3.5
2934,Samyang Foods,Big Bowl Seafood Flavor,Bowl,South Korea,3.75
2933,Maruchan,Soup Curtry Wonton,Cup,Japan,2.5
2932,Soup Daren,Borscht Noodle,Bowl,China,2.75
2931,Maruchan,Ramen Noodle Soup Creamy Chicken Flavor (New Packaging),Pack,United States,5
2930,Vedan,Wei Wei Premium Korean Spicy Beef Instant Noodle,Pack,Taiwan,1
2929,Daikoku,My Friend Big Tanuki Soba,Bowl,Japan,3.5
2928,Nissin,Cup Noodles Light Spicy Seafood Flavour,Cup,Hong Kong,3.25
2927,Vedan,Wei Weo Premium Dynasty Beef Tendon Instant Noodle,Pack,Taiwan,5
2926,Myojo,Charumera Chanpon,Bowl,Japan,4
2925,A-Sha,Dan Zai Noodle,Pack,Taiwan,5
2924,Samyang Foods,Samyang Ramen Spicy Flavor,Pack,South Korea,5
2923,Lemonilo,Mie Instan Alami Rasa Mie Goreng,Pack,Indonesia,5
2922,Wang,Bulgogi Flavor Udon Korean Style Noodle,Bowl,South Korea,3.75
2921,Prima Taste,Singapore Prawn Soup Wholegrain LaMian,Pack,Singapore,5
2920,Yum Yum,Authentic Thai Style Instant Noodles Tom Yum Shrimp Flavour,Pack,Thailand,3.75
2919,Sunaoshi,Spicy! Ramen,Bowl,Japan,3.5
2918,Nissin,U.F.O. Cheese Curry Yakisoba,Tray,Japan,4.25
2917,Kiki,Noodles Mixed With Aged Vinegar,Pack,Taiwan,4.75
2916,Acecook,Ramen Sora - Spicy Miso,Cup,Japan,4.5
2915,Kenko Foods,Yakisoba,Pack,Japan,3
2914,Itomen,Shijimi Clam Shoyu Ramen,Bowl,Japan,1
2913,Vedan,Vedan Wei Wei Premium Stewed Beef Noodle Soup,Pack,Taiwan,5
2912,Sugakiya,Small Yuzu Udon,Bowl,Japan,3.75
2911,New Touch,Classic Shouyu Ramen,Bowl,Japan,5
2910,Nissin,Top Ramen Soy Sauce Flavor Ramen Noodle Soup,Pack,United States,2.75
2909,Nissin,Cup Noodles Very Veggie Soy Sauce Flavor Ramen Noodle Soup,Cup,United States,5
2908,Best Wok,Mi Goreng Original Instant Noodles,Pack,Indonesia,5
2907,Nissin,Miojo Talharim Sabor Bolonhesa,Pack,Brazil,4.75
2906,Myojo,Shoyu Sesame Chili Oil Yakisoba,Tray,Japan,5
2905,Sapporo Ichiban,CupStar Hokkaido Potato Miso Ramen,Cup,Japan,3
2904,Wei Lih,Beef Noodle,Pack,Taiwan,4.25
2903,Nissin,Demae Ramen Sesame Oil Flavour Potato Chips,Pack,Hong Kong,3.5
2902,Yumei,Instant Sour Turnip Duck Vermicelli Hot Pot,Tray,China,3.75
2901,Island Foods,Tokyo Ramen - Setagaya,Box,Japan,4.5
2900,Vedan,Double Bang Spicy Beef Noodle Soup,Bowl,Taiwan,3.5
2899,Nissin,Chikin Ramen Rice,Cup,Japan,3.25
2898,Saikebon,Yakisoba Gourmet Orientale Classic,Pack,Italy,3.75
2897,Big Bon,Spice Mix hot & Spicy,Pack,Russia,3.25
2896,Myramen,Japanese Noodle & Soup Soy Sauce,Pack,Japan,3
2895,Fox,D.J. Korean Tteokbokki Spicy Snack,Pack,South Korea,4
2894,Maruchan,Gotsumori Pirikara Garlic Ramen,Bowl,Japan,3.5
2893,Nissin,Miojo Nissin Lamen Hot Sabor Mexicano,Pack,Brazil,3.5
2892,Neko,Ramen Snack Chicken,Pack,South Korea,5
2891,Sapporo Ichiban,Tagonoura Sumo Stable: Salt Chanko Ramen,Bowl,Japan,3.5
2890,Nissin,U.F.O. Flaming Hot Seafood Flavour,Tray,Singapore,4.75
2889,Sugakiya,Nagoya Kishimen,Pack,Japan,4.5
2888,Three Meters Noodles,Sesame Paste,Pack,Taiwan,3
2887,Three Meters Noodles,Shallot Taste,Pack,Taiwan,5
2886,Three Meters Noodles,Spicy Taste,Pack,Taiwan,5
2885,Three Meters Noodles,Sesame Oil Taste,Pack,Taiwan,2
2884,Lee Fah Mee,Instant Noodle With Curry Flavour,Pack,Sarawak,3.75
2883,Taihodien Restaurant,Supreme Spicy Noodle,Pack,Taiwan,2
2882,Miandom,Tasty Asia Green Curry Shrimp Flavoured Instant Noodles,Cup,Singapore,5
2881,Miandom,Tasty Asia Black Pepper Crab Flavoured Instant Noodles,Cup,Singapore,3.5
2880,Miandom,Tasty Asia Green Curry Shrimp Flavoured Instant Noodles,Pack,Singapore,3.5
2879,Peyang,Cho-Omori Yakisoba Half & Half Gekikara,Tray,Japan,3.75
2878,Samyang Foods,Samyang Ramen Hot,Bowl,South Korea,5
2877,Super,Cup Instant Noodle Seafood Flavour,Cup,Malaysia,2.5
2876,nunu,Fresh Flavors For Life Creamy Curry,Cup,Vietnam,3.5
2875,Nissin,Cup Noodle Seafood Ramen Noodle Soup,Cup,United States,5
2874,Samyang Foods,Buldak Bokkeummyun Hot Chicken Flavor Almonds,Pack,South Korea,4
2873,Samyang Foods,Korean Gomtang,Pack,South Korea,5
2872,"Chongqing Suanlabao Food Co., Ltd.",Hot Pot Mala Seasoning & Sesame Oil Package,Tray,China,0.25
2871,Island Foods,Chiba · Matsudo Tsukemen (Dipping noodles) – Chuka Soba Tomita,Box,Japan,5
2870,Little Cook,Tomato Beef Noodles,Bowl,Taiwan,5
2869,Chencun,The Flavours Of Yunnan China Torpid & Peppery Beef,Bowl,China,4.5
2868,Island Foods,Yokohama Ramen - Samurai,Box,Japan,5
2867,Nissin,Cup Noodles Sesame Chicken Flavor Ramen Noodle Soup,Cup,United States,0
2866,Wu-Mu,Man Dashi Noodle Master Sichuan Pepper Beef Flavored Soup Ramen,Pack,Taiwan,5
2865,Wu-Mu,Man Dashi Noodle Master BBQ Sauce Dry Ramen,Pack,Taiwan,5
2864,Wu-Mu,Man Dashi Noodle Master Spicy Hot Dry Ramen,Pack,Taiwan,3.5
2863,Wu-Mu,Man Dashi Noodle Master Noodles Mixed With Scallion Oil & Soy sauce,Pack,Taiwan,3.5
2862,Wu-Mu,Ma Jiou Mian Xian : Hua-Tiau Chiew Chicken flavor,Pack,Taiwan,5
2861,Wu-Mu,Man Dashi Noodle Master Sichuan Pepper Dry Ramen,Pack,Taiwan,5
2860,Wu-Mu,Jing XiangBan Mian Ramen With BBQ Sauce,Pack,Taiwan,3.75
2859,Wu-Mu,Man Dashi Noodle Master Home-Cooked Noodles With Fried Bean & Meat Sauce,Pack,Taiwan,4
2858,Wu-Mu,Man Dashi Noodle Master Fuzhou Sauce Dry Noodles,Pack,Taiwan,4.5
2857,Wu-Mu,Jing XiangBan Mian Ramen With Jah Jan Sauce,Pack,Taiwan,5
2856,Maruchan,Gotsumori Tan Tan Ramen,Bowl,Japan,4.5
2855,Yum Yum,Tem Tem Tom Klong Pla Krob,Cup,Thailand,4.25
2854,Kenko Foods,Michio Kawamura Sesame Sauce Ramen,Pack,Japan,3.5
2853,Nissin,Donebi Aromatic Chili Oil Kamodashi (Duck) Green Onion Thick Soba,Bowl,Japan,3.75
2852,Sapporo Ichiban,Nagasaki Chinatown Chanpon,Bowl,Japan,4
2851,Vedan,Jhen Mian Tang Dry Noodles With Basil,Pack,Taiwan,4.25
2850,Shibu Ramen,Spicy Garlic Tonkotsu,Restaurant,United States,2
2849,Maruchan,Japanese Soba,Bowl,Japan,5
2848,Kizuki Ramen & Izakaya,Shio Ramen,Restaurant,United States,4
2847,Nissin,Spice Kitchen Phakchist Curry Pho Soup,Cup,Japan,3.5
2846,Myramen,Japanese Vegan Noodle & Soup Salt,Pack,Japan,3.25
2845,LeeZen,Hot & Sour Instant Noodles,Pack,Taiwan,3.75
2844,Vedan,Jhen Mian Tang Dry Noodles With Soy Bean Sauce,Pack,Taiwan,4
2843,Sapporo Ichiban,CupStar Tonkotsu Cup Noodles,Cup,Japan,4.5
2842,Vedan,Double Bang Pork Broth Noodle,Bowl,Taiwan,3.25
2841,Nissin,Ramen Show Asahikawa Shoyu Ramen,Bowl,Japan,3.25
2840,Samyang Foods,Potato Ramen,Pack,South Korea,4.5
2839,Yum Yum,Authentic Thai Style Instant Noodles tom Yum Shrimp Creamy Flavour,Pack,Thailand,3.75
2838,Nissin,Hot & Spicy Blazing Hot Flavor,Bowl,United States,3.5
2837,Acecook,Sapporo Miso Shrimp Ramen,Cup,Japan,3.5
2836,Shanjinshan,Yibin Burning Noodle Green Onion Flavor,Tray,China,3.75
2835,Da Long Yi,Self Heating Hot Pot - Vegetable Version,Bowl,China,3.5
2834,Wei Lih,Good Good Eat Mexican Spicy Flavor Noodle Snack,Pack,Taiwan,3.25
2833,Myojo,Kurume 80 Year Anniversary Tonkotsu Ramen,Pack,Japan,4.5
2832,Nissin,Cup Noodle Curry,Cup,United States,4.25
2831,Island Foods,Banri Sano Ramen,Box,Japan,4.5
2830,Ve Wong,Dried Instant Noodles Assorted Hot Chili Flavor,Pack,Taiwan,3.75
2829,Myramen,Japanese Vegan Noodle & Soup Miso,Pack,Japan,5
2828,Yum Yum,Tem Tem Tom Yum Seafood,Cup,Thailand,4
2827,Myojo,Ippei-chan Yomise-no-Yakisoba Aurora Sauce Flavor,Tray,Japan,2.75
2826,Acecook,Chicken Dashi Udon,Cup,Japan,4.5
2825,Yum Yum,Instant Noodles Tom Yum Kung Flavor,Pack,Thailand,5
2824,Nissin,Cup Noodle Chili Chili Chili Tomato,Cup,Japan,4
2823,Wei Lih,Hell Spicy Dry Noodle With Soup,Pack,Taiwan,4.25
2822,Nagatanien,Chanko Shio Ramen,Box,Japan,5
2821,Sichuan Baijia,Broad Noodle Sour Soup Fish Flavor,Pack,China,4.5
2820,Maruchan,QTTA Tonkotsu,Cup,Japan,3.5
2819,World O Noodle,Asam Laksa Flavour Instant Noodles,Pack,Malaysia,3.75
2818,Nissin,Donbei Green Curry Udon,Cup,Japan,4.75
2817,Liangchengmei,30 Second Hot Bird Noodle,Box,China,3.75
2816,Nissin,Top Ramen Hot Spicy Beef Ramen Noodle Soup,Pack,United States,3
2815,Sapporo Ichiban,Pokemon Shoyu Ramen,Cup,Japan,3.5
2814,Little Couples Q Noodle,Taiwan Sauce Taste,Pack,Taiwan,4.5
2813,Little Couples Q Noodle,Oyster Sauce Taste,Pack,Taiwan,3.5
2812,Little Couples Q Noodle,Fried Garlic Taste,Pack,Taiwan,5
2811,Little Couples Q Noodle,Taiwan Soybean Taste,Pack,Taiwan,2.75
2810,Little Couples Q Noodle,Spicy Taste,Pack,Taiwan,3.75
2809,Acecook,Shrimp Tempura Soba,Cup,Japan,0.5
2808,Super,Super Cup Signature White Curry,Cup,Malaysia,0.25
2807,Maruchan,Gotsumori Shio Wonton Ramen,Bowl,Japan,5
2806,Nissin,Cup Noodles Light Seafood Flavour,Cup,Hong Kong,5
2805,Maruchan,Umaitsuyu Tempura Soba,Cup,Japan,3.75
2804,Acecook,Chinese Style Yakisoba,Tray,Japan,3.5
2803,World O Noodle,Curry Flavour Instant Noodle,Pack,Malaysia,4.25
2802,Nissin,Cup Noodles Black Pepper Crab Flavour Potato Chips,Pack,Hong Kong,5
2801,Myojo,Ippei-chan Yomise-no Yakisoba Barbeque Sauce Flavor With Mayonnaise,Tray,Japan,5
2800,Vedan,Original Beef Flavor Noodle,Pack,Taiwan,4.5
2799,Maruchan,Kitsune Soba,Bowl,Japan,0.25
2798,Indomie,Instant Noodles Mi Goreng Fried Noodles (Taiwan Only Version),Pack,Indonesia,5
2797,Nissin,Chikin Ramen Shoyu Flavor,Pack,Japan,5
2796,Mike's Mighty Good Craft Ramen,Beef Pho Flavor Rice Noodle Soup,Pack,United States,5
2795,Mike's Mighty Good Craft Ramen,Pork Tonkotsu Flavor Ramen Soup,Cup,United States,1.5
2794,Mike's Mighty Good Craft Ramen,Vegetarian Kimchi Flavor Ramen Soup,Pack,United States,4
2793,Mike's Mighty Good Craft Ramen,Chicken Flavor Ramen Soup,Cup,United States,3.75
2792,Mike's Mighty Good Craft Ramen,Spicy Pork Tonkotsu Flavor Ramen Soup,Pack,United States,3.75
2791,Mike's Mighty Good Craft Ramen,Vegetarian Vegetable Ramen Soup,Pack,United States,5
2790,Mike's Mighty Good Craft Ramen,Savory Miso Flavor Ramen Soup,Pack,United States,4.25
2789,Mike's Mighty Good Craft Ramen,Spicy Beef Flavor Ramen Soup,Cup,United States,4
2788,Mike's Mighty Good Craft Ramen,Fried Garlic Chicken Flavor Ramen Soup,Pack,United States,4.5
2787,Samyang Foods,Mala Buldak Bokkeummyun,Bowl,South Korea,3.5
2786,Acecook,Supercup Big Pork Kimchi Oil Yakisoba,Tray,Japan,3
2785,Yum Yum,Authentic Thai Style Instant Noodles Green Curry Flavour,Pack,Thailand,5
2784,Samyang Foods,Jajang Buldak Bokkeummyun,Pack,South Korea,4
2783,Samyang Foods,Buldak Bokkeummyun Squid,Pack,South Korea,3.75
2782,Mr. Noodle,Black Vinegar With Spicy Taste,Pack,Taiwan,2
2781,Mr. Noodle,Onions Mushroom Spice Taste Noodle,Pack,Taiwan,4.5
2780,Mr. Noodle,Pesto Sesame Noodles,Pack,Taiwan,2
2779,Mr. Noodle,Barbecue Sauce Curry,Pack,Taiwan,5
2778,Mr. Noodle,Spicy Sesame Paste Noodles,Pack,Taiwan,3.25
2777,Mr. Noodle,Sichuan Flavor Spicy Hot Noodles,Pack,Taiwan,3.5
2776,Maruchan,Tonjiru Udon,Bowl,Japan,4.75
2775,Vifon,Garlic Flavour Instant Noodles,Pack,Poland,2
2774,Nissin,Cup Noodle Yuzu,Cup,Japan,3.5
2773,Vedan,Minced Pork Noodle,Pack,Taiwan,3.5
2772,Happy Noodle,Noodles With Minced Beef Sauce In Spicy Oil & Pickled Mustard Greens,Box,Taiwan,4
2771,Nissin,UFO Fried Ramen Japanese Sauce Flavour,Tray,Indonesia,5
2770,Sapporo Ichiban,Barbeque Yakisoba,Tray,Japan,4.5
2769,Ottogi,Kimchi Ramen,Pack,South Korea,3.5
2768,Wei Lih,Yi Du Zan Beef Instant Noodle,Bowl,Taiwan,3.75
2767,Nissin,Cup Noodles Spicy Seafood Flavour Potato Chips,Pack,Hong Kong,5
2766,LeeZen,Sesame Oil Angelica & Sinensis Instant Noodles,Pack,Taiwan,4.25
2765,Island Foods,Kichijoji Hopuken Hompo Backfat Tonkotsu,Box,Japan,5
2764,Vedan,Double Bang Thick Beef Broth Noodle,Bowl,Taiwan,3.75
2763,Ped Chef,Sesame Clear Soup Noodles,Pack,Malaysia,3.5
2762,Red Chef,Pandan White Curry Noodles,Pack,Malaysia,5
2761,Red Chef,Green Tom Yum Soup Noodles,Pack,Malaysia,5
2760,Red Chef,Spicy Sakura Prawn Soup Noodles,Pack,Malaysia,5
2759,Nissin,Cup Noodles Rasa Gulai Ayam Melayu,Cup,Japan,3.25
2758,Gookmul,Knight Of Ribs,Pack,South Korea,5
2757,MyKuali,Hokkien Prawn (2018 Recipe),Pack,Malaysia,5
2756,TTL,Carbonara White Wine Sauce Noodle,Pack,Taiwan,5
2755,Vedan,Wei Wei 'A' Seafood XO Sauce Noodle,Pack,Taiwan,3.5
2754,Acecook,Rich Miso Ramen,Bowl,Japan,3.75
2753,Maruchan,Tempura Udon,Cup,Japan,3.5
2752,Ve Wong,Instant Noodles Braised Beef Flavor,Pack,Taiwan,3.5
2751,Acecook,Pork Wantan Men,Pack,Japan,4
2750,Nissin,Cup Noodles Tom Yum Goong Flavour Potato Chips,Pack,Hong Kong,5
2749,Maruchan,Bariuma Goboten Udon,Bowl,Japan,0
2748,MyKuali,Penang Red Tom Yum Goong Noodle (2018 Recipe),Pack,Malaysia,5
2747,Nissin,Cup Noodles Kyushu White Flavour (Open Sesame),Cup,Singapore,3.5
2746,Ve Wong,Fried Noodles With Mexican Chili Flavor,Pack,Taiwan,4.25
2744,Nissin,U. F. O. BIG Wasabi-Mayo Yakisoba,Tray,Japan,5
2743,Myojo,Charumera Non-Fried Tonkotsu Ramen,Pack,Japan,5
2743,Nongshim,Nongshim Korean Clay Pot Ramyun,Bowl,China,3.5
2742,Sapporo Ichiban,Akita Kiritanpo Ramen,Cup,Japan,4.75
2741,MyKuali,Penang White Curry Noodle (2018 Recipe),Pack,Malaysia,5
2740,Meimen,Hot & Sour Noodles Soup,Pack,Taiwan,3.75
2739,Meimen,Noodles With Soy Bean Paste,Pack,Taiwan,3.25
2738,Meimen,Tomato Noodles Soup,Pack,Taiwan,5
2737,Wei Lih,Chicken Flavor,Pack,Taiwan,4
2736,Kaset,Instant Vermicelli Spicy Seafood Salad Flavour,Cup,Thailand,3.75
2735,Myojo,Chicken Abalone Flavour,Pack,Singapore,3.5
2734,Lipton,Soup Secrets Extra Noodle Soup Mix With Real Chicken Broth,Box,USA,3.25
2733,Jinbo Selection,SOul Spicy Noodles,Pack,Taiwan,3.25
2732,Nissin,Demae Ramen Korean Spicy Flavour Instant Noodles,Pack,Hong Kong,4
2731,Nissin,Donbei Wasabi Tempura Udon,Bowl,Japan,3.5
2730,Little Cook,Braised Beef Noodles With Tendon & Meat,Bowl,Taiwan,5
2729,Samyang Foods,Kimchi Song Song Ramen,Cup,South Korea,4
2728,Vifon,Hoang Gia Instant Noodles With Minced Pork,Pack,Vietnam,0.25
2727,Acecook,Phmori Ika Yakisoba,Tray,Japan,3.75
2726,Wei Lih,Chinese Special Spicy Pork Noodle,Bowl,Taiwan,4.25
2725,New Touch,Yokohama Sanma Men,Bowl,Japan,2.75
2724,Vedan,Double Bang Thick Pork Broth Noodle,Bowl,Taiwan,4
2723,No Brand,Delicious Ramen,Pack,South Korea,3.5
2722,Nissin,Premium Santouka From Hawaii Soy Sauce Ramen,Cup,Japan,3.5
2721,Yumei,Instant Spicy Hot Pot,Bowl,China,2.25
2720,Mr. Noodles,Pho Noodle Soup Simulated Beef Flavour,Bowl,Canada,0
2719,Yamamoto,Umakaro Negi Ramen,Bowl,Japan,4.25
2718,Banzai,"Instant Noodles ""Tom Yam Kung"" Shrimp Flavor",Cup,Vietnam,3.5
2717,Maruchan,Umaitsuyu Kitsune Udon,Cup,Japan,3.5
2716,JML,Yakisoba Sweet & Sour Pork Ribs Flavor,Tray,China,4
2715,Myojo,Hyobanya Shio Yakisoba,Tray,Japan,4.5
2714,KOKA,Singnature Chicken Flavor Instant Noodles,Pack,Singapore,3.5
2713,Kenko Foods,Michio Kawamura Kimchi Miso Ramen,Pack,Japan,1.5
2712,Maggi,2 Minute Noodles Masala Spicy (Export Version),Pack,India,5
2711,Acecook,Hakodate Shio Shrimp Ramen,Cup,Japan,1
2710,Itsuki,"Kyushu ""Tonkotsu"" Pork Flavor Ramen",Pack,Japan,5
2709,KOKA,Signature Black Pepper Fried Noodles,Pack,Singapore,4
2708,Qinsheng,Dumpling Pastry Hot & Sour Noodle,Pack,China,5
2707,My Friend,Big Tanuki Udon,Bowl,Japan,3.75
2706,Wei Lih,GGE Ramen Snack Tempura Flavor,Pack,Taiwan,5
2705,Ichiran Ramen,Curly Noodles Including Red Dry Sauce - Only In Fukuoka,Pack,Japan,4.5
2704,Maggi,Cuppa Chilly Chow,Cup,India,3.5
2703,Kenko Foods,Genmai (Brown Rice) Ramen,Pack,Japan,4.5
2702,Chuanbei,Sichuan Yibin Style Spicy Noodles,Tray,China,4
2701,KOKA,The Original Chicken Flavor Oriental Instant Noodles,Pack,Singapore,3.5
2700,Vedan,Jhen Mian Tang Spicy Hot Noodle,Pack,Taiwan,4
2699,Myojo,Chicken Shio Wanton Noodles,Bowl,Japan,4.5
2698,Nissin,Cup Noodles Chilli Crab Flavour (More Crabtastic),Cup,Singapore,4
2697,Maruchan,Bowl Taste Of Asia Hot & Spicy Kimchi Ramen Ramen Noodle Soup,Bowl,United States,3.25
2696,Nongshim,Neoguri Spicy Seafood Noodle Soup,Cup,United States,5
2695,Wei Lih,GGE Ramen Snack BBQ Cube,Pack,Taiwan,4
2694,Nissin,Cup Noodles Batchoy Flavor,Cup,Phlippines,3.5
2693,Qicaiyuan,Liangpi (Shaanxik cold noodle),Pack,China,4.25
2692,KOKA,Creamy Soup With Crusjhed Noodles Mushroom Flavor,Cup,Singapore,1
2691,Nissin,Demae Ramen Straight Noodle Shoyu Tonkotsu Instant Noodle,Pack,Hong Kong,5
2690,Village Vanguard,No Men,Pack,Japan,4.25
2689,Maruchan,Instant Lunch Udon Style Soy Sauce Flavor Ramen Noodle Soup,Cup,United States,4
2688,KOKA,Silk Laksa Singapura Instant Rice Fettucine,Bowl,Singapore,5
2687,Nissin,Yakisoba With Mayonnaise,Tray,Japan,5
2686,Sapporo Ichiban,Coriander & Chicken Noodle,Cup,Japan,4.25
2685,Nissin,Cup Noodles Veggi Manchow,Cup,India,3.5
2684,KOKA,Instant Noodles Mushroom Flavour,Pack,Singapore,2
2683,Nissin,Cup Noodles Champignons (Mushroom),Cup,Japan,3.5
2682,JML,Instant Noodle Artificial Spicy Hot Beef Flavor,Pack,China,3.75
2681,TableMark,Homerun-Ken Vegetable Tanmen,Bowl,Japan,3.75
2680,Samyang Foods,Carbo Type Buldak Bokkeummyun,Pack,South Korea,4.25
2679,MyKuali,Penang White Curry Noodle,Pack,Malaysia,5
2678,Maggi,Hot Heads Barbeque Pepper Noodles,Pack,India,0
2677,Nissin,Hokkaido Miso Japanese Ramen,Pack,Singapore,4
2676,Maruchan,Bowl Taste Of Asia Tom Yum Ramen Noodle Soup,Bowl,United States,5
2675,Myojo,Hyobanya Kakitama Udon,Bowl,Japan,4
2674,KOKA,Original Chicken Flavor,Pack,Singapore,3.5
2673,Nissin,Demae Ramen Bar Noodle Hokkaido Miso Tonkotsu Flavour Instant Noodle,Pack,Hong Kong,5
2672,Wei Lih,Roast Beef Stew Noodle,Pack,Taiwan,5
2671,Acecook,Mochi Mochi Yakisoba,Cup,Japan,4.5
2670,Nongshim,Kimchi Ramyun,Bowl,China,3.75
2669,KOKA,Silk Instant Rice Fettucine Chicken Pho Flavor,Pack,Singapore,4
2668,Samyang Foods,Wasa-Mayo Ramen,Bowl,South Korea,3.25
2667,Nissin,Okinawa Soba,Bowl,Japan,3.5
2666,Hokkaido Ramen Santouka,Shio Tonkotsu Ramen,Restaurant,United States,4.75
2665,Alhami,Instant Noodle Instant Noodle Chicken Flavour,Pack,Indonesia,3.5
2664,Maitri,Instant Noodle Vegetarian Soup,Pack,Indonesia,3.25
2663,Alhami,Instant Noodle Soto Flavour,Pack,Indonesia,5
2662,Alhami,Instant Noodle Chicken Curry Flavour,Pack,Indonesia,3.75
2661,Maitri,Vegetarian Mie Goreng,Pack,Indonesia,5
2660,Alhami,Instant Noodle Chicken Curry Flavour,Pack,Indonesia,3.75
2659,Alhami,Instant Noodle Beef Flavour,Pack,Indonesia,3.5
2658,Mikka,Noodle Snack Barbecue Flavor,Pack,Indonesia,3.25
2657,Maitri,Extra Hot Vegetarian Mie Goreng,Pack,Indonesia,5
2656,Mikka,Noodle Snack Roast Corn Flavor,Pack,Indonesia,4.5
2655,Alhami,Prawn Instant Noodles,Pack,Indonesia,2.75
2654,Maitri,Vegetarian Hot Curry,Pack,Indonesia,4
2653,Mikka,Noodle Snack Sambal Balado Chilli Sauce Flavor,Pack,Indonesia,4
2652,Maitri,Vegetarian Rasa Soto,Pack,Indonesia,4.25
2651,Alhami,Mi Goreng Spesial,Pack,Indonesia,5
2650,Paldo,Flaming Hot Savoury Cheese Noodle,Pack,South Korea,4.25
2649,Myojo,Mee Poh Dry (New Recipe),Pack,Singapore,4.25
2648,Paldo,Bulnak Pan Stir-fried Noodle,Cup,South Korea,3.75
2647,Marutai,Nagasaki Chanpon,Bowl,Japan,4
2646,Ching's Secret,Schezwan Instant Noodles,Pack,India,3.5
2645,Happy Noodle,Noodles Wirh Minced Pork & Chinese Mustard Blend,Pack,Taiwan,5
2644,Ottogi,Budae Jjigae Ramen,Pack,South Korea,5
2643,KOKA,Creamy Soup With Crushed Noodles Vegetable Flavor,Cup,Singapore,4.5
2642,Myojo,Wakame Ramen,Bowl,Japan,3.5
2641,Nanoblock,Ramen Bokki,Pack,Japan,NA
2640,Myojo,Hyobanya Yakisona,Tray,Japan,3.75
2639,Maggi,Hot Heads Peri Peri Noodles,Pack,India,4
2638,Nissin,Demae Ramen Straight Noodle Miso Flavour Instant Noodle,Pack,Hong Kong,2
2637,Samyang Foods,Jjajang Big Bowl,Bowl,South Korea,4.5
2636,Acecook,Tonkotsu,Cup,Japan,1
2635,Maruchan,Magomi-an Curry Udon,Bowl,Japan,3.75
2634,Samyang Foods,Ramen Bokki,Cup,South Korea,4.5
2633,Myojo,Chukazanmai Premium Sour & Spicy Noodle Soup,Bowl,Japan,4.25
2632,Sau Tao,Laksa Flavour Ho Fan,Bowl,Hong Kong,3
2631,Isoyama Shoji,18 Prohibited,Pack,Japan,0
2630,Myojo,Udon Hot & Spicy Flavor,Bowl,United States,3.75
2629,Daikoku,Assari Miso Ramen,Bowl,Japan,2.75
2628,Wang,Asian Style Noodle Seafood Udon,Bowl,South Korea,2
2627,Nissin,Men Shokunin Sesame Miso Ramen,Bowl,Japan,5
2626,Nissin,Cup Noodles Mazedaar Masala,Cup,India,3.5
2625,Nissin,Cup Noodles Potato Chips Tom Yam Seafood Flavour,Pack,Singapore,5
2624,Sapporo Ichiban,Tokyo Asakusa Yakisoba,Tray,Japan,4.75
2623,Samyang Foods,Assorted Vegetable Ramen,Bowl,South Korea,3.75
2622,Acecook,Shoyu Wakame Noodles With Sesame,Bowl,Japan,3.75
2621,Maggi,Pazzta Cheese Macaroni,Pack,India,3.5
2620,Samyang Foods,Buldak Bokkeummyun Stew,Bowl,South Korea,3.75
2619,Liu Quan,Authentic Snail Rice Noodle,Bowl,China,3.25
2618,KOKA,Delight Curry Flavor Instant Non-Fried Noodles,Pack,Singapore,5
2617,Nissin,Cup Noodles Laksa Flavour,Cup,Singapore,5
2616,Gookmul,Special Edition Lobster,Pack,South Korea,3.5
2615,Nissin,Demae Ramen Straight Noodle Spicy Tonkotsu Flavour Instant Noodle,Pack,Hong Kong,5
2614,Samyang Foods,Chacharoni,Bowl,South Korea,3.75
2613,Nissin,Raoh Backfat Rich Shoyu Ramen,Bowl,Japan,5
2612,Nona Lim,Laksa Rice Noodles + Thai Curry & Lime Broth,Pack,United States,NA
2611,Nona Lim,Tokyo Ramen + Miso Ramen Broth,Pack,United States,NA
2610,Nona Lim,Whole Wheat Ramen + Spicy Szechuan Broth,Pack,United States,NA
2609,Nona Lim,Pad Thai Rice Noodles + Vietnamese Pho Broth,Pack,United States,NA
2608,Nona Lim,Hakata Ramen + Thai Curry & Lime Broth,Pack,United States,NA
2607,Nona Lim,Hakata Ramen + Miso Ramen Broth,Pack,United States,NA
2606,Nona Lim,Pad See Ew Rice Noodleds + Spicy Szechuan Broth,Pack,United States,NA
2605,Nona Lim,Pad See Ew Rice Noodles + Vietnamese Pho Broth,Pack,United States,NA
2604,Tseng Noodle,Scallion With Sichuan Pepper Flavor (Wester Version),Pack,Taiwan,5
2603,Paldo,Pororo Jjajang Noodle,Cup,South Korea,2.5
2602,KOKA,Signature Pepper Crab Flavor Instant Noodles,Pack,Singapore,3.25
2601,Nongshim,Kamjatangmyun Potato Pork Flavour,Pack,China,4.75
2600,Nissin,Cup Noodle Nice Rich Pork Shoyu,Cup,Japan,5
2599,Maggi,Cuppa Masala,Cup,India,3.75
2598,Myojo,Western Style Kisune Udon,Bowl,Japan,4
2597,Nongshim,Neoguri Stir-fry Noodles Spicy Seafood,Pack,South Korea,5
2596,Nissin,Demae Ramen Straight Noodle Salt Chicken Flavour Instant Noodle,Pack,Hong Kong,4.75
2595,TableMark,Cantonese Shouyu Ramen,Bowl,Japan,4.5
2594,Samyang Foods,Yulmu Bibimmyun,Pack,South Korea,4.75
2593,Indomie,Onion Chicken Flavor (Soup Version),Pack,Nigeria,3.25
2592,Maruchan,Yokozuna Tonkotsu Ramen,Bowl,Japan,5
2591,Myojo,Charumera Licca Chan Onion Gratin Soup Noodle,Cup,Japan,4.25
2590,JML,Bone Soup (Spare Ribs Flavour) Noodle,Pack,China,3.25
2589,Nongshim,Mr. Bibim Korean Spicy Chicken Flavor,Pack,South Korea,4
2588,Sau Tao,Ho Fan Tomato Soup Flavored,Pack,Hong Kong,2.5
2587,Sunfeast,Yippee! Noodles Magic Masala,Pack,India,4.25
2586,Blount,Chicken Ramen Bowl,Bowl,United States,5
2585,Blount,Thai Inspired Coconut Chicken & Noodle Bowl,Bowl,United States,5
2584,MyKuali,Penang White Curry Rice Vermicelli Soup,Bowl,Malaysia,4.75
2583,Daikoku,Kaisen (seafood) Shio Noodles,Cup,Japan,5
2582,Acecook,Super Cup Shoyu Butter Corn Ramen,Bowl,Japan,4.25
2581,Samyang Foods,Curry Buldak Bokkeummyun,Bowl,South Korea,2
2580,New Touch,T's Restaurant Tantanmen,Cup,Japan,3.75
2579,Just Way,Noodles Spicy Hot Sesame Spicy Hot Sesame Guan-miao Noodles,Pack,Taiwan,1
2578,Nissin,Cup Noodles Chicken Vegetable,Cup,United States,2.25
2577,Wei Lih,GGE Ramen Snack Tomato Flavor,Pack,Taiwan,2.75
2576,Ching's Secret,Singapore Curry,Pack,India,3.75
2575,Samyang Foods,Kimchi song Song Ramen,Pack,South Korea,4.75
2574,Acecook,Spice Deli Tantan Men With Cilantro,Cup,Japan,4
2573,Ikeda Shoku,Nabeyaki Kitsune Udon,Tray,Japan,3.75
2572,Ripe'n'Dry,Hokkaido Soy Sauce Ramen,Pack,Japan,0.25
2571,KOKA,The Original Spicy Stir-Fried Noodles,Pack,Singapore,2.5
2570,Tao Kae Noi,Creamy tom Yum Kung Flavour,Pack,Thailand,5
2569,Yamachan,Yokohama Tonkotsu Shoyu,Pack,United States,